year,region_code,region,fiscal_autonomy_ratio,fiscal_independence_ratio,data_type,source
2001,00,전국,0.5760000000000001,0.0,재정자립도,KOSIS
2001,11,서울특별시,0.956,0.0,재정자립도,KOSIS
2001,21,부산광역시,0.7440000000000001,0.0,재정자립도,KOSIS
2001,22,대구광역시,0.753,0.0,재정자립도,KOSIS
2001,23,인천광역시,0.777,0.0,재정자립도,KOSIS
2001,24,광주광역시,0.636,0.0,재정자립도,KOSIS
2001,25,대전광역시,0.7490000000000001,0.0,재정자립도,KOSIS
2001,26,울산광역시,0.764,0.0,재정자립도,KOSIS
2001,31,경기도,0.78,0.0,재정자립도,KOSIS
2001,32,강원도,0.298,0.0,재정자립도,KOSIS
2001,33,충청북도,0.365,0.0,재정자립도,KOSIS
2001,34,충청남도,0.305,0.0,재정자립도,KOSIS
2001,35,전라북도,0.27699999999999997,0.0,재정자립도,KOSIS
2001,36,전라남도,0.22,0.0,재정자립도,KOSIS
2001,37,경상북도,0.313,0.0,재정자립도,KOSIS
2001,38,경상남도,0.395,0.0,재정자립도,KOSIS
2001,39,제주특별자치도,0.336,0.0,재정자립도,KOSIS
2001,00,전국,0.0,0.8440000000000001,재정자주도,KOSIS
2001,11,서울특별시,0.0,0.956,재정자주도,KOSIS
2001,21,부산광역시,0.0,0.8320000000000001,재정자주도,KOSIS
2001,22,대구광역시,0.0,0.8340000000000001,재정자주도,KOSIS
2001,23,인천광역시,0.0,0.858,재정자주도,KOSIS
2001,24,광주광역시,0.0,0.77,재정자주도,KOSIS
2001,25,대전광역시,0.0,0.8590000000000001,재정자주도,KOSIS
2001,26,울산광역시,0.0,0.902,재정자주도,KOSIS
2001,31,경기도,0.0,0.895,재정자주도,KOSIS
2001,32,강원도,0.0,0.8390000000000001,재정자주도,KOSIS
2001,33,충청북도,0.0,0.8370000000000001,재정자주도,KOSIS
2001,34,충청남도,0.0,0.7609999999999999,재정자주도,KOSIS
2001,35,전라북도,0.0,0.773,재정자주도,KOSIS
2001,36,전라남도,0.0,0.737,재정자주도,KOSIS
2001,37,경상북도,0.0,0.816,재정자주도,KOSIS
2001,38,경상남도,0.0,0.802,재정자주도,KOSIS
2001,39,제주특별자치도,0.0,0.698,재정자주도,KOSIS
2002,00,전국,0.5479999999999999,0.0,재정자립도,KOSIS
2002,11,서울특별시,0.956,0.0,재정자립도,KOSIS
2002,21,부산광역시,0.6970000000000001,0.0,재정자립도,KOSIS
2002,22,대구광역시,0.6920000000000001,0.0,재정자립도,KOSIS
2002,23,인천광역시,0.7440000000000001,0.0,재정자립도,KOSIS
2002,24,광주광역시,0.616,0.0,재정자립도,KOSIS
2002,25,대전광역시,0.736,0.0,재정자립도,KOSIS
2002,26,울산광역시,0.6709999999999999,0.0,재정자립도,KOSIS
2002,31,경기도,0.765,0.0,재정자립도,KOSIS
2002,32,강원도,0.28,0.0,재정자립도,KOSIS
2002,33,충청북도,0.32899999999999996,0.0,재정자립도,KOSIS
2002,34,충청남도,0.284,0.0,재정자립도,KOSIS
2002,35,전라북도,0.263,0.0,재정자립도,KOSIS
2002,36,전라남도,0.20800000000000002,0.0,재정자립도,KOSIS
2002,37,경상북도,0.301,0.0,재정자립도,KOSIS
2002,38,경상남도,0.363,0.0,재정자립도,KOSIS
2002,39,제주특별자치도,0.366,0.0,재정자립도,KOSIS
2002,00,전국,0.0,0.841,재정자주도,KOSIS
2002,11,서울특별시,0.0,0.956,재정자주도,KOSIS
2002,21,부산광역시,0.0,0.7929999999999999,재정자주도,KOSIS
2002,22,대구광역시,0.0,0.777,재정자주도,KOSIS
2002,23,인천광역시,0.0,0.8390000000000001,재정자주도,KOSIS
2002,24,광주광역시,0.0,0.767,재정자주도,KOSIS
2002,25,대전광역시,0.0,0.847,재정자주도,KOSIS
2002,26,울산광역시,0.0,0.894,재정자주도,KOSIS
2002,31,경기도,0.0,0.9079999999999999,재정자주도,KOSIS
2002,32,강원도,0.0,0.831,재정자주도,KOSIS
2002,33,충청북도,0.0,0.833,재정자주도,KOSIS
2002,34,충청남도,0.0,0.7709999999999999,재정자주도,KOSIS
2002,35,전라북도,0.0,0.797,재정자주도,KOSIS
2002,36,전라남도,0.0,0.728,재정자주도,KOSIS
2002,37,경상북도,0.0,0.825,재정자주도,KOSIS
2002,38,경상남도,0.0,0.795,재정자주도,KOSIS
2002,39,제주특별자치도,0.0,0.765,재정자주도,KOSIS
2003,00,전국,0.563,0.0,재정자립도,KOSIS
2003,11,서울특별시,0.9590000000000001,0.0,재정자립도,KOSIS
2003,21,부산광역시,0.7490000000000001,0.0,재정자립도,KOSIS
2003,22,대구광역시,0.764,0.0,재정자립도,KOSIS
2003,23,인천광역시,0.746,0.0,재정자립도,KOSIS
2003,24,광주광역시,0.63,0.0,재정자립도,KOSIS
2003,25,대전광역시,0.736,0.0,재정자립도,KOSIS
2003,26,울산광역시,0.716,0.0,재정자립도,KOSIS
2003,31,경기도,0.78,0.0,재정자립도,KOSIS
2003,32,강원도,0.267,0.0,재정자립도,KOSIS
2003,33,충청북도,0.314,0.0,재정자립도,KOSIS
2003,34,충청남도,0.298,0.0,재정자립도,KOSIS
2003,35,전라북도,0.256,0.0,재정자립도,KOSIS
2003,36,전라남도,0.21,0.0,재정자립도,KOSIS
2003,37,경상북도,0.292,0.0,재정자립도,KOSIS
2003,38,경상남도,0.37200000000000005,0.0,재정자립도,KOSIS
2003,39,제주특별자치도,0.374,0.0,재정자립도,KOSIS
2003,00,전국,0.0,0.8490000000000001,재정자주도,KOSIS
2003,11,서울특별시,0.0,0.9590000000000001,재정자주도,KOSIS
2003,21,부산광역시,0.0,0.8320000000000001,재정자주도,KOSIS
2003,22,대구광역시,0.0,0.879,재정자주도,KOSIS
2003,23,인천광역시,0.0,0.8390000000000001,재정자주도,KOSIS
2003,24,광주광역시,0.0,0.7809999999999999,재정자주도,KOSIS
2003,25,대전광역시,0.0,0.853,재정자주도,KOSIS
2003,26,울산광역시,0.0,0.9059999999999999,재정자주도,KOSIS
2003,31,경기도,0.0,0.9079999999999999,재정자주도,KOSIS
2003,32,강원도,0.0,0.8170000000000001,재정자주도,KOSIS
2003,33,충청북도,0.0,0.818,재정자주도,KOSIS
2003,34,충청남도,0.0,0.763,재정자주도,KOSIS
2003,35,전라북도,0.0,0.7929999999999999,재정자주도,KOSIS
2003,36,전라남도,0.0,0.736,재정자주도,KOSIS
2003,37,경상북도,0.0,0.818,재정자주도,KOSIS
2003,38,경상남도,0.0,0.802,재정자주도,KOSIS
2003,39,제주특별자치도,0.0,0.805,재정자주도,KOSIS
2004,00,전국,0.5720000000000001,0.0,재정자립도,KOSIS
2004,11,서울특별시,0.955,0.0,재정자립도,KOSIS
2004,21,부산광역시,0.7559999999999999,0.0,재정자립도,KOSIS
2004,22,대구광역시,0.732,0.0,재정자립도,KOSIS
2004,23,인천광역시,0.759,0.0,재정자립도,KOSIS
2004,24,광주광역시,0.598,0.0,재정자립도,KOSIS
2004,25,대전광역시,0.7440000000000001,0.0,재정자립도,KOSIS
2004,26,울산광역시,0.696,0.0,재정자립도,KOSIS
2004,31,경기도,0.7879999999999999,0.0,재정자립도,KOSIS
2004,32,강원도,0.289,0.0,재정자립도,KOSIS
2004,33,충청북도,0.313,0.0,재정자립도,KOSIS
2004,34,충청남도,0.305,0.0,재정자립도,KOSIS
2004,35,전라북도,0.259,0.0,재정자립도,KOSIS
2004,36,전라남도,0.21100000000000002,0.0,재정자립도,KOSIS
2004,37,경상북도,0.294,0.0,재정자립도,KOSIS
2004,38,경상남도,0.38299999999999995,0.0,재정자립도,KOSIS
2004,39,제주특별자치도,0.34700000000000003,0.0,재정자립도,KOSIS
2004,00,전국,0.0,0.8490000000000001,재정자주도,KOSIS
2004,11,서울특별시,0.0,0.955,재정자주도,KOSIS
2004,21,부산광역시,0.0,0.836,재정자주도,KOSIS
2004,22,대구광역시,0.0,0.8490000000000001,재정자주도,KOSIS
2004,23,인천광역시,0.0,0.846,재정자주도,KOSIS
2004,24,광주광역시,0.0,0.7490000000000001,재정자주도,KOSIS
2004,25,대전광역시,0.0,0.848,재정자주도,KOSIS
2004,26,울산광역시,0.0,0.868,재정자주도,KOSIS
2004,31,경기도,0.0,0.904,재정자주도,KOSIS
2004,32,강원도,0.0,0.826,재정자주도,KOSIS
2004,33,충청북도,0.0,0.823,재정자주도,KOSIS
2004,34,충청남도,0.0,0.7809999999999999,재정자주도,KOSIS
2004,35,전라북도,0.0,0.778,재정자주도,KOSIS
2004,36,전라남도,0.0,0.75,재정자주도,KOSIS
2004,37,경상북도,0.0,0.815,재정자주도,KOSIS
2004,38,경상남도,0.0,0.807,재정자주도,KOSIS
2004,39,제주특별자치도,0.0,0.763,재정자주도,KOSIS
2005,00,전국,0.562,0.0,재정자립도,KOSIS
2005,11,서울특별시,0.961,0.0,재정자립도,KOSIS
2005,21,부산광역시,0.7340000000000001,0.0,재정자립도,KOSIS
2005,22,대구광역시,0.7390000000000001,0.0,재정자립도,KOSIS
2005,23,인천광역시,0.7,0.0,재정자립도,KOSIS
2005,24,광주광역시,0.606,0.0,재정자립도,KOSIS
2005,25,대전광역시,0.75,0.0,재정자립도,KOSIS
2005,26,울산광역시,0.6990000000000001,0.0,재정자립도,KOSIS
2005,31,경기도,0.762,0.0,재정자립도,KOSIS
2005,32,강원도,0.275,0.0,재정자립도,KOSIS
2005,33,충청북도,0.317,0.0,재정자립도,KOSIS
2005,34,충청남도,0.327,0.0,재정자립도,KOSIS
2005,35,전라북도,0.251,0.0,재정자립도,KOSIS
2005,36,전라남도,0.19899999999999998,0.0,재정자립도,KOSIS
2005,37,경상북도,0.29600000000000004,0.0,재정자립도,KOSIS
2005,38,경상남도,0.375,0.0,재정자립도,KOSIS
2005,39,제주특별자치도,0.39299999999999996,0.0,재정자립도,KOSIS
2005,00,전국,0.0,0.816,재정자주도,KOSIS
2005,11,서울특별시,0.0,0.961,재정자주도,KOSIS
2005,21,부산광역시,0.0,0.813,재정자주도,KOSIS
2005,22,대구광역시,0.0,0.873,재정자주도,KOSIS
2005,23,인천광역시,0.0,0.77,재정자주도,KOSIS
2005,24,광주광역시,0.0,0.7709999999999999,재정자주도,KOSIS
2005,25,대전광역시,0.0,0.866,재정자주도,KOSIS
2005,26,울산광역시,0.0,0.8170000000000001,재정자주도,KOSIS
2005,31,경기도,0.0,0.861,재정자주도,KOSIS
2005,32,강원도,0.0,0.759,재정자주도,KOSIS
2005,33,충청북도,0.0,0.782,재정자주도,KOSIS
2005,34,충청남도,0.0,0.752,재정자주도,KOSIS
2005,35,전라북도,0.0,0.721,재정자주도,KOSIS
2005,36,전라남도,0.0,0.696,재정자주도,KOSIS
2005,37,경상북도,0.0,0.775,재정자주도,KOSIS
2005,38,경상남도,0.0,0.7609999999999999,재정자주도,KOSIS
2005,39,제주특별자치도,0.0,0.76,재정자주도,KOSIS
2006,00,전국,0.544,0.0,재정자립도,KOSIS
2006,11,서울특별시,0.943,0.0,재정자립도,KOSIS
2006,21,부산광역시,0.7020000000000001,0.0,재정자립도,KOSIS
2006,22,대구광역시,0.7070000000000001,0.0,재정자립도,KOSIS
2006,23,인천광역시,0.6920000000000001,0.0,재정자립도,KOSIS
2006,24,광주광역시,0.575,0.0,재정자립도,KOSIS
2006,25,대전광역시,0.728,0.0,재정자립도,KOSIS
2006,26,울산광역시,0.657,0.0,재정자립도,KOSIS
2006,31,경기도,0.752,0.0,재정자립도,KOSIS
2006,32,강원도,0.267,0.0,재정자립도,KOSIS
2006,33,충청북도,0.313,0.0,재정자립도,KOSIS
2006,34,충청남도,0.353,0.0,재정자립도,KOSIS
2006,35,전라북도,0.239,0.0,재정자립도,KOSIS
2006,36,전라남도,0.20199999999999999,0.0,재정자립도,KOSIS
2006,37,경상북도,0.278,0.0,재정자립도,KOSIS
2006,38,경상남도,0.38799999999999996,0.0,재정자립도,KOSIS
2006,39,제주특별자치도,0.33799999999999997,0.0,재정자립도,KOSIS
2006,00,전국,0.0,0.802,재정자주도,KOSIS
2006,11,서울특별시,0.0,0.9540000000000001,재정자주도,KOSIS
2006,21,부산광역시,0.0,0.807,재정자주도,KOSIS
2006,22,대구광역시,0.0,0.847,재정자주도,KOSIS
2006,23,인천광역시,0.0,0.765,재정자주도,KOSIS
2006,24,광주광역시,0.0,0.7509999999999999,재정자주도,KOSIS
2006,25,대전광역시,0.0,0.8390000000000001,재정자주도,KOSIS
2006,26,울산광역시,0.0,0.826,재정자주도,KOSIS
2006,31,경기도,0.0,0.857,재정자주도,KOSIS
2006,32,강원도,0.0,0.753,재정자주도,KOSIS
2006,33,충청북도,0.0,0.764,재정자주도,KOSIS
2006,34,충청남도,0.0,0.741,재정자주도,KOSIS
2006,35,전라북도,0.0,0.701,재정자주도,KOSIS
2006,36,전라남도,0.0,0.6779999999999999,재정자주도,KOSIS
2006,37,경상북도,0.0,0.762,재정자주도,KOSIS
2006,38,경상남도,0.0,0.75,재정자주도,KOSIS
2006,39,제주특별자치도,0.0,0.7290000000000001,재정자주도,KOSIS
2007,00,전국,0.536,0.0,재정자립도,KOSIS
2007,11,서울특별시,0.905,0.0,재정자립도,KOSIS
2007,21,부산광역시,0.629,0.0,재정자립도,KOSIS
2007,22,대구광역시,0.639,0.0,재정자립도,KOSIS
2007,23,인천광역시,0.698,0.0,재정자립도,KOSIS
2007,24,광주광역시,0.542,0.0,재정자립도,KOSIS
2007,25,대전광역시,0.721,0.0,재정자립도,KOSIS
2007,26,울산광역시,0.684,0.0,재정자립도,KOSIS
2007,31,경기도,0.7490000000000001,0.0,재정자립도,KOSIS
2007,32,강원도,0.28300000000000003,0.0,재정자립도,KOSIS
2007,33,충청북도,0.33299999999999996,0.0,재정자립도,KOSIS
2007,34,충청남도,0.369,0.0,재정자립도,KOSIS
2007,35,전라북도,0.235,0.0,재정자립도,KOSIS
2007,36,전라남도,0.201,0.0,재정자립도,KOSIS
2007,37,경상북도,0.289,0.0,재정자립도,KOSIS
2007,38,경상남도,0.391,0.0,재정자립도,KOSIS
2007,39,제주특별자치도,0.264,0.0,재정자립도,KOSIS
2007,00,전국,0.0,0.795,재정자주도,KOSIS
2007,11,서울특별시,0.0,0.9440000000000001,재정자주도,KOSIS
2007,21,부산광역시,0.0,0.769,재정자주도,KOSIS
2007,22,대구광역시,0.0,0.8079999999999999,재정자주도,KOSIS
2007,23,인천광역시,0.0,0.797,재정자주도,KOSIS
2007,24,광주광역시,0.0,0.759,재정자주도,KOSIS
2007,25,대전광역시,0.0,0.831,재정자주도,KOSIS
2007,26,울산광역시,0.0,0.846,재정자주도,KOSIS
2007,31,경기도,0.0,0.851,재정자주도,KOSIS
2007,32,강원도,0.0,0.758,재정자주도,KOSIS
2007,33,충청북도,0.0,0.769,재정자주도,KOSIS
2007,34,충청남도,0.0,0.733,재정자주도,KOSIS
2007,35,전라북도,0.0,0.698,재정자주도,KOSIS
2007,36,전라남도,0.0,0.67,재정자주도,KOSIS
2007,37,경상북도,0.0,0.759,재정자주도,KOSIS
2007,38,경상남도,0.0,0.748,재정자주도,KOSIS
2007,39,제주특별자치도,0.0,0.637,재정자주도,KOSIS
2008,00,전국,0.539,0.0,재정자립도,KOSIS
2008,11,서울특별시,0.883,0.0,재정자립도,KOSIS
2008,21,부산광역시,0.605,0.0,재정자립도,KOSIS
2008,22,대구광역시,0.595,0.0,재정자립도,KOSIS
2008,23,인천광역시,0.71,0.0,재정자립도,KOSIS
2008,24,광주광역시,0.526,0.0,재정자립도,KOSIS
2008,25,대전광역시,0.664,0.0,재정자립도,KOSIS
2008,26,울산광역시,0.6990000000000001,0.0,재정자립도,KOSIS
2008,31,경기도,0.763,0.0,재정자립도,KOSIS
2008,32,강원도,0.282,0.0,재정자립도,KOSIS
2008,33,충청북도,0.342,0.0,재정자립도,KOSIS
2008,34,충청남도,0.37799999999999995,0.0,재정자립도,KOSIS
2008,35,전라북도,0.226,0.0,재정자립도,KOSIS
2008,36,전라남도,0.214,0.0,재정자립도,KOSIS
2008,37,경상북도,0.287,0.0,재정자립도,KOSIS
2008,38,경상남도,0.39399999999999996,0.0,재정자립도,KOSIS
2008,39,제주특별자치도,0.263,0.0,재정자립도,KOSIS
2008,00,전국,0.0,0.795,재정자주도,KOSIS
2008,11,서울특별시,0.0,0.9359999999999999,재정자주도,KOSIS
2008,21,부산광역시,0.0,0.754,재정자주도,KOSIS
2008,22,대구광역시,0.0,0.784,재정자주도,KOSIS
2008,23,인천광역시,0.0,0.8029999999999999,재정자주도,KOSIS
2008,24,광주광역시,0.0,0.742,재정자주도,KOSIS
2008,25,대전광역시,0.0,0.8009999999999999,재정자주도,KOSIS
2008,26,울산광역시,0.0,0.826,재정자주도,KOSIS
2008,31,경기도,0.0,0.852,재정자주도,KOSIS
2008,32,강원도,0.0,0.758,재정자주도,KOSIS
2008,33,충청북도,0.0,0.7609999999999999,재정자주도,KOSIS
2008,34,충청남도,0.0,0.735,재정자주도,KOSIS
2008,35,전라북도,0.0,0.701,재정자주도,KOSIS
2008,36,전라남도,0.0,0.695,재정자주도,KOSIS
2008,37,경상북도,0.0,0.7509999999999999,재정자주도,KOSIS
2008,38,경상남도,0.0,0.745,재정자주도,KOSIS
2008,39,제주특별자치도,0.0,0.674,재정자주도,KOSIS
2009,00,전국,0.536,0.0,재정자립도,KOSIS
2009,11,서울특별시,0.92,0.0,재정자립도,KOSIS
2009,21,부산광역시,0.583,0.0,재정자립도,KOSIS
2009,22,대구광역시,0.547,0.0,재정자립도,KOSIS
2009,23,인천광역시,0.742,0.0,재정자립도,KOSIS
2009,24,광주광역시,0.483,0.0,재정자립도,KOSIS
2009,25,대전광역시,0.593,0.0,재정자립도,KOSIS
2009,26,울산광역시,0.677,0.0,재정자립도,KOSIS
2009,31,경기도,0.759,0.0,재정자립도,KOSIS
2009,32,강원도,0.28,0.0,재정자립도,KOSIS
2009,33,충청북도,0.33299999999999996,0.0,재정자립도,KOSIS
2009,34,충청남도,0.366,0.0,재정자립도,KOSIS
2009,35,전라북도,0.23600000000000002,0.0,재정자립도,KOSIS
2009,36,전라남도,0.19399999999999998,0.0,재정자립도,KOSIS
2009,37,경상북도,0.27699999999999997,0.0,재정자립도,KOSIS
2009,38,경상남도,0.39399999999999996,0.0,재정자립도,KOSIS
2009,39,제주특별자치도,0.252,0.0,재정자립도,KOSIS
2009,00,전국,0.0,0.789,재정자주도,KOSIS
2009,11,서울특별시,0.0,0.937,재정자주도,KOSIS
2009,21,부산광역시,0.0,0.74,재정자주도,KOSIS
2009,22,대구광역시,0.0,0.753,재정자주도,KOSIS
2009,23,인천광역시,0.0,0.82,재정자주도,KOSIS
2009,24,광주광역시,0.0,0.736,재정자주도,KOSIS
2009,25,대전광역시,0.0,0.745,재정자주도,KOSIS
2009,26,울산광역시,0.0,0.802,재정자주도,KOSIS
2009,31,경기도,0.0,0.8440000000000001,재정자주도,KOSIS
2009,32,강원도,0.0,0.754,재정자주도,KOSIS
2009,33,충청북도,0.0,0.746,재정자주도,KOSIS
2009,34,충청남도,0.0,0.7240000000000001,재정자주도,KOSIS
2009,35,전라북도,0.0,0.7170000000000001,재정자주도,KOSIS
2009,36,전라남도,0.0,0.679,재정자주도,KOSIS
2009,37,경상북도,0.0,0.746,재정자주도,KOSIS
2009,38,경상남도,0.0,0.75,재정자주도,KOSIS
2009,39,제주특별자치도,0.0,0.65,재정자주도,KOSIS
2010,00,전국,0.522,0.0,재정자립도,KOSIS
2010,11,서울특별시,0.858,0.0,재정자립도,KOSIS
2010,21,부산광역시,0.5760000000000001,0.0,재정자립도,KOSIS
2010,22,대구광역시,0.563,0.0,재정자립도,KOSIS
2010,23,인천광역시,0.7040000000000001,0.0,재정자립도,KOSIS
2010,24,광주광역시,0.475,0.0,재정자립도,KOSIS
2010,25,대전광역시,0.563,0.0,재정자립도,KOSIS
2010,26,울산광역시,0.672,0.0,재정자립도,KOSIS
2010,31,경기도,0.728,0.0,재정자립도,KOSIS
2010,32,강원도,0.271,0.0,재정자립도,KOSIS
2010,33,충청북도,0.337,0.0,재정자립도,KOSIS
2010,34,충청남도,0.366,0.0,재정자립도,KOSIS
2010,35,전라북도,0.24600000000000002,0.0,재정자립도,KOSIS
2010,36,전라남도,0.20600000000000002,0.0,재정자립도,KOSIS
2010,37,경상북도,0.293,0.0,재정자립도,KOSIS
2010,38,경상남도,0.429,0.0,재정자립도,KOSIS
2010,39,제주특별자치도,0.261,0.0,재정자립도,KOSIS
2010,00,전국,0.0,0.757,재정자주도,KOSIS
2010,11,서울특별시,0.0,0.872,재정자주도,KOSIS
2010,21,부산광역시,0.0,0.725,재정자주도,KOSIS
2010,22,대구광역시,0.0,0.736,재정자주도,KOSIS
2010,23,인천광역시,0.0,0.8009999999999999,재정자주도,KOSIS
2010,24,광주광역시,0.0,0.6920000000000001,재정자주도,KOSIS
2010,25,대전광역시,0.0,0.7190000000000001,재정자주도,KOSIS
2010,26,울산광역시,0.0,0.7879999999999999,재정자주도,KOSIS
2010,31,경기도,0.0,0.815,재정자주도,KOSIS
2010,32,강원도,0.0,0.7170000000000001,재정자주도,KOSIS
2010,33,충청북도,0.0,0.7090000000000001,재정자주도,KOSIS
2010,34,충청남도,0.0,0.7170000000000001,재정자주도,KOSIS
2010,35,전라북도,0.0,0.6890000000000001,재정자주도,KOSIS
2010,36,전라남도,0.0,0.644,재정자주도,KOSIS
2010,37,경상북도,0.0,0.73,재정자주도,KOSIS
2010,38,경상남도,0.0,0.733,재정자주도,KOSIS
2010,39,제주특별자치도,0.0,0.621,재정자주도,KOSIS
2011,00,전국,0.519,0.0,재정자립도,KOSIS
2011,11,서울특별시,0.903,0.0,재정자립도,KOSIS
2011,21,부산광역시,0.564,0.0,재정자립도,KOSIS
2011,22,대구광역시,0.535,0.0,재정자립도,KOSIS
2011,23,인천광역시,0.693,0.0,재정자립도,KOSIS
2011,24,광주광역시,0.475,0.0,재정자립도,KOSIS
2011,25,대전광역시,0.5720000000000001,0.0,재정자립도,KOSIS
2011,26,울산광역시,0.691,0.0,재정자립도,KOSIS
2011,31,경기도,0.725,0.0,재정자립도,KOSIS
2011,32,강원도,0.275,0.0,재정자립도,KOSIS
2011,33,충청북도,0.327,0.0,재정자립도,KOSIS
2011,34,충청남도,0.354,0.0,재정자립도,KOSIS
2011,35,전라북도,0.245,0.0,재정자립도,KOSIS
2011,36,전라남도,0.207,0.0,재정자립도,KOSIS
2011,37,경상북도,0.281,0.0,재정자립도,KOSIS
2011,38,경상남도,0.426,0.0,재정자립도,KOSIS
2011,39,제주특별자치도,0.251,0.0,재정자립도,KOSIS
2011,00,전국,0.0,0.767,재정자주도,KOSIS
2011,11,서울특별시,0.0,0.917,재정자주도,KOSIS
2011,21,부산광역시,0.0,0.743,재정자주도,KOSIS
2011,22,대구광역시,0.0,0.741,재정자주도,KOSIS
2011,23,인천광역시,0.0,0.794,재정자주도,KOSIS
2011,24,광주광역시,0.0,0.6990000000000001,재정자주도,KOSIS
2011,25,대전광역시,0.0,0.7490000000000001,재정자주도,KOSIS
2011,26,울산광역시,0.0,0.81,재정자주도,KOSIS
2011,31,경기도,0.0,0.818,재정자주도,KOSIS
2011,32,강원도,0.0,0.733,재정자주도,KOSIS
2011,33,충청북도,0.0,0.715,재정자주도,KOSIS
2011,34,충청남도,0.0,0.711,재정자주도,KOSIS
2011,35,전라북도,0.0,0.6779999999999999,재정자주도,KOSIS
2011,36,전라남도,0.0,0.652,재정자주도,KOSIS
2011,37,경상북도,0.0,0.736,재정자주도,KOSIS
2011,38,경상남도,0.0,0.742,재정자주도,KOSIS
2011,39,제주특별자치도,0.0,0.639,재정자주도,KOSIS
2012,00,전국,0.523,0.0,재정자립도,KOSIS
2012,11,서울특별시,0.902,0.0,재정자립도,KOSIS
2012,21,부산광역시,0.574,0.0,재정자립도,KOSIS
2012,22,대구광역시,0.528,0.0,재정자립도,KOSIS
2012,23,인천광역시,0.71,0.0,재정자립도,KOSIS
2012,24,광주광역시,0.466,0.0,재정자립도,KOSIS
2012,25,대전광역시,0.583,0.0,재정자립도,KOSIS
2012,26,울산광역시,0.7120000000000001,0.0,재정자립도,KOSIS
2012,31,경기도,0.726,0.0,재정자립도,KOSIS
2012,32,강원도,0.26899999999999996,0.0,재정자립도,KOSIS
2012,33,충청북도,0.342,0.0,재정자립도,KOSIS
2012,34,충청남도,0.355,0.0,재정자립도,KOSIS
2012,35,전라북도,0.26,0.0,재정자립도,KOSIS
2012,36,전라남도,0.214,0.0,재정자립도,KOSIS
2012,37,경상북도,0.28300000000000003,0.0,재정자립도,KOSIS
2012,38,경상남도,0.433,0.0,재정자립도,KOSIS
2012,39,제주특별자치도,0.285,0.0,재정자립도,KOSIS
2012,00,전국,0.0,0.772,재정자주도,KOSIS
2012,11,서울특별시,0.0,0.915,재정자주도,KOSIS
2012,21,부산광역시,0.0,0.757,재정자주도,KOSIS
2012,22,대구광역시,0.0,0.754,재정자주도,KOSIS
2012,23,인천광역시,0.0,0.8059999999999999,재정자주도,KOSIS
2012,24,광주광역시,0.0,0.6990000000000001,재정자주도,KOSIS
2012,25,대전광역시,0.0,0.762,재정자주도,KOSIS
2012,26,울산광역시,0.0,0.809,재정자주도,KOSIS
2012,31,경기도,0.0,0.8170000000000001,재정자주도,KOSIS
2012,32,강원도,0.0,0.741,재정자주도,KOSIS
2012,33,충청북도,0.0,0.736,재정자주도,KOSIS
2012,34,충청남도,0.0,0.71,재정자주도,KOSIS
2012,35,전라북도,0.0,0.693,재정자주도,KOSIS
2012,36,전라남도,0.0,0.6679999999999999,재정자주도,KOSIS
2012,37,경상북도,0.0,0.731,재정자주도,KOSIS
2012,38,경상남도,0.0,0.745,재정자주도,KOSIS
2012,39,제주특별자치도,0.0,0.6809999999999999,재정자주도,KOSIS
2013,00,전국,0.511,0.0,재정자립도,KOSIS
2013,11,서울특별시,0.888,0.0,재정자립도,KOSIS
2013,21,부산광역시,0.5660000000000001,0.0,재정자립도,KOSIS
2013,22,대구광역시,0.518,0.0,재정자립도,KOSIS
2013,23,인천광역시,0.6729999999999999,0.0,재정자립도,KOSIS
2013,24,광주광역시,0.45399999999999996,0.0,재정자립도,KOSIS
2013,25,대전광역시,0.575,0.0,재정자립도,KOSIS
2013,26,울산광역시,0.7070000000000001,0.0,재정자립도,KOSIS
2013,29,세종특별자치시,0.38799999999999996,0.0,재정자립도,KOSIS
2013,31,경기도,0.716,0.0,재정자립도,KOSIS
2013,32,강원도,0.266,0.0,재정자립도,KOSIS
2013,33,충청북도,0.342,0.0,재정자립도,KOSIS
2013,34,충청남도,0.36,0.0,재정자립도,KOSIS
2013,35,전라북도,0.257,0.0,재정자립도,KOSIS
2013,36,전라남도,0.217,0.0,재정자립도,KOSIS
2013,37,경상북도,0.28,0.0,재정자립도,KOSIS
2013,38,경상남도,0.41700000000000004,0.0,재정자립도,KOSIS
2013,39,제주특별자치도,0.306,0.0,재정자립도,KOSIS
2013,00,전국,0.0,0.7659999999999999,재정자주도,KOSIS
2013,11,서울특별시,0.0,0.9009999999999999,재정자주도,KOSIS
2013,21,부산광역시,0.0,0.741,재정자주도,KOSIS
2013,22,대구광역시,0.0,0.75,재정자주도,KOSIS
2013,23,인천광역시,0.0,0.773,재정자주도,KOSIS
2013,24,광주광역시,0.0,0.6759999999999999,재정자주도,KOSIS
2013,25,대전광역시,0.0,0.754,재정자주도,KOSIS
2013,26,울산광역시,0.0,0.8,재정자주도,KOSIS
2013,29,세종특별자치시,0.0,0.777,재정자주도,KOSIS
2013,31,경기도,0.0,0.8140000000000001,재정자주도,KOSIS
2013,32,강원도,0.0,0.741,재정자주도,KOSIS
2013,33,충청북도,0.0,0.736,재정자주도,KOSIS
2013,34,충청남도,0.0,0.718,재정자주도,KOSIS
2013,35,전라북도,0.0,0.691,재정자주도,KOSIS
2013,36,전라남도,0.0,0.685,재정자주도,KOSIS
2013,37,경상북도,0.0,0.732,재정자주도,KOSIS
2013,38,경상남도,0.0,0.7340000000000001,재정자주도,KOSIS
2013,39,제주특별자치도,0.0,0.706,재정자주도,KOSIS
2014,00,전국,0.503,0.0,재정자립도,KOSIS
2014,00,전국,0.44799999999999995,0.0,재정자립도,KOSIS
2014,11,서울특별시,0.8420000000000001,0.0,재정자립도,KOSIS
2014,11,서울특별시,0.8,0.0,재정자립도,KOSIS
2014,21,부산광역시,0.574,0.0,재정자립도,KOSIS
2014,21,부산광역시,0.514,0.0,재정자립도,KOSIS
2014,22,대구광역시,0.517,0.0,재정자립도,KOSIS
2014,22,대구광역시,0.461,0.0,재정자립도,KOSIS
2014,23,인천광역시,0.669,0.0,재정자립도,KOSIS
2014,23,인천광역시,0.626,0.0,재정자립도,KOSIS
2014,24,광주광역시,0.46,0.0,재정자립도,KOSIS
2014,24,광주광역시,0.419,0.0,재정자립도,KOSIS
2014,25,대전광역시,0.5489999999999999,0.0,재정자립도,KOSIS
2014,25,대전광역시,0.494,0.0,재정자립도,KOSIS
2014,26,울산광역시,0.7020000000000001,0.0,재정자립도,KOSIS
2014,26,울산광역시,0.614,0.0,재정자립도,KOSIS
2014,29,세종특별자치시,0.506,0.0,재정자립도,KOSIS
2014,29,세종특별자치시,0.47600000000000003,0.0,재정자립도,KOSIS
2014,31,경기도,0.677,0.0,재정자립도,KOSIS
2014,31,경기도,0.612,0.0,재정자립도,KOSIS
2014,32,강원도,0.266,0.0,재정자립도,KOSIS
2014,32,강원도,0.222,0.0,재정자립도,KOSIS
2014,33,충청북도,0.336,0.0,재정자립도,KOSIS
2014,33,충청북도,0.266,0.0,재정자립도,KOSIS
2014,34,충청남도,0.35600000000000004,0.0,재정자립도,KOSIS
2014,34,충청남도,0.302,0.0,재정자립도,KOSIS
2014,35,전라북도,0.27,0.0,재정자립도,KOSIS
2014,35,전라북도,0.228,0.0,재정자립도,KOSIS
2014,36,전라남도,0.222,0.0,재정자립도,KOSIS
2014,36,전라남도,0.174,0.0,재정자립도,KOSIS
2014,37,경상북도,0.29100000000000004,0.0,재정자립도,KOSIS
2014,37,경상북도,0.22699999999999998,0.0,재정자립도,KOSIS
2014,38,경상남도,0.424,0.0,재정자립도,KOSIS
2014,38,경상남도,0.36,0.0,재정자립도,KOSIS
2014,39,제주특별자치도,0.34,0.0,재정자립도,KOSIS
2014,39,제주특별자치도,0.301,0.0,재정자립도,KOSIS
2014,00,전국,0.0,0.747,재정자주도,KOSIS
2014,00,전국,0.0,0.6920000000000001,재정자주도,KOSIS
2014,11,서울특별시,0.0,0.855,재정자주도,KOSIS
2014,11,서울특별시,0.0,0.812,재정자주도,KOSIS
2014,21,부산광역시,0.0,0.726,재정자주도,KOSIS
2014,21,부산광역시,0.0,0.6659999999999999,재정자주도,KOSIS
2014,22,대구광역시,0.0,0.732,재정자주도,KOSIS
2014,22,대구광역시,0.0,0.6759999999999999,재정자주도,KOSIS
2014,23,인천광역시,0.0,0.7609999999999999,재정자주도,KOSIS
2014,23,인천광역시,0.0,0.718,재정자주도,KOSIS
2014,24,광주광역시,0.0,0.665,재정자주도,KOSIS
2014,24,광주광역시,0.0,0.625,재정자주도,KOSIS
2014,25,대전광역시,0.0,0.721,재정자주도,KOSIS
2014,25,대전광역시,0.0,0.6659999999999999,재정자주도,KOSIS
2014,26,울산광역시,0.0,0.782,재정자주도,KOSIS
2014,26,울산광역시,0.0,0.6940000000000001,재정자주도,KOSIS
2014,29,세종특별자치시,0.0,0.8029999999999999,재정자주도,KOSIS
2014,29,세종특별자치시,0.0,0.773,재정자주도,KOSIS
2014,31,경기도,0.0,0.78,재정자주도,KOSIS
2014,31,경기도,0.0,0.715,재정자주도,KOSIS
2014,32,강원도,0.0,0.728,재정자주도,KOSIS
2014,32,강원도,0.0,0.6829999999999999,재정자주도,KOSIS
2014,33,충청북도,0.0,0.732,재정자주도,KOSIS
2014,33,충청북도,0.0,0.6609999999999999,재정자주도,KOSIS
2014,34,충청남도,0.0,0.713,재정자주도,KOSIS
2014,34,충청남도,0.0,0.659,재정자주도,KOSIS
2014,35,전라북도,0.0,0.6729999999999999,재정자주도,KOSIS
2014,35,전라북도,0.0,0.631,재정자주도,KOSIS
2014,36,전라남도,0.0,0.6709999999999999,재정자주도,KOSIS
2014,36,전라남도,0.0,0.624,재정자주도,KOSIS
2014,37,경상북도,0.0,0.725,재정자주도,KOSIS
2014,37,경상북도,0.0,0.6609999999999999,재정자주도,KOSIS
2014,38,경상남도,0.0,0.728,재정자주도,KOSIS
2014,38,경상남도,0.0,0.665,재정자주도,KOSIS
2014,39,제주특별자치도,0.0,0.708,재정자주도,KOSIS
2014,39,제주특별자치도,0.0,0.669,재정자주도,KOSIS
2015,00,전국,0.506,0.0,재정자립도,KOSIS
2015,00,전국,0.451,0.0,재정자립도,KOSIS
2015,11,서울특별시,0.843,0.0,재정자립도,KOSIS
2015,11,서울특별시,0.8029999999999999,0.0,재정자립도,KOSIS
2015,21,부산광역시,0.568,0.0,재정자립도,KOSIS
2015,21,부산광역시,0.51,0.0,재정자립도,KOSIS
2015,22,대구광역시,0.531,0.0,재정자립도,KOSIS
2015,22,대구광역시,0.469,0.0,재정자립도,KOSIS
2015,23,인천광역시,0.644,0.0,재정자립도,KOSIS
2015,23,인천광역시,0.591,0.0,재정자립도,KOSIS
2015,24,광주광역시,0.493,0.0,재정자립도,KOSIS
2015,24,광주광역시,0.442,0.0,재정자립도,KOSIS
2015,25,대전광역시,0.5489999999999999,0.0,재정자립도,KOSIS
2015,25,대전광역시,0.493,0.0,재정자립도,KOSIS
2015,26,울산광역시,0.72,0.0,재정자립도,KOSIS
2015,26,울산광역시,0.636,0.0,재정자립도,KOSIS
2015,29,세종특별자치시,0.5479999999999999,0.0,재정자립도,KOSIS
2015,29,세종특별자치시,0.44,0.0,재정자립도,KOSIS
2015,31,경기도,0.6659999999999999,0.0,재정자립도,KOSIS
2015,31,경기도,0.607,0.0,재정자립도,KOSIS
2015,32,강원도,0.259,0.0,재정자립도,KOSIS
2015,32,강원도,0.215,0.0,재정자립도,KOSIS
2015,33,충청북도,0.348,0.0,재정자립도,KOSIS
2015,33,충청북도,0.281,0.0,재정자립도,KOSIS
2015,34,충청남도,0.35200000000000004,0.0,재정자립도,KOSIS
2015,34,충청남도,0.304,0.0,재정자립도,KOSIS
2015,35,전라북도,0.276,0.0,재정자립도,KOSIS
2015,35,전라북도,0.221,0.0,재정자립도,KOSIS
2015,36,전라남도,0.228,0.0,재정자립도,KOSIS
2015,36,전라남도,0.17800000000000002,0.0,재정자립도,KOSIS
2015,37,경상북도,0.3,0.0,재정자립도,KOSIS
2015,37,경상북도,0.243,0.0,재정자립도,KOSIS
2015,38,경상남도,0.433,0.0,재정자립도,KOSIS
2015,38,경상남도,0.374,0.0,재정자립도,KOSIS
2015,39,제주특별자치도,0.364,0.0,재정자립도,KOSIS
2015,39,제주특별자치도,0.303,0.0,재정자립도,KOSIS
2015,00,전국,0.0,0.7340000000000001,재정자주도,KOSIS
2015,00,전국,0.0,0.68,재정자주도,KOSIS
2015,11,서울특별시,0.0,0.8540000000000001,재정자주도,KOSIS
2015,11,서울특별시,0.0,0.8140000000000001,재정자주도,KOSIS
2015,21,부산광역시,0.0,0.71,재정자주도,KOSIS
2015,21,부산광역시,0.0,0.6509999999999999,재정자주도,KOSIS
2015,22,대구광역시,0.0,0.7190000000000001,재정자주도,KOSIS
2015,22,대구광역시,0.0,0.657,재정자주도,KOSIS
2015,23,인천광역시,0.0,0.737,재정자주도,KOSIS
2015,23,인천광역시,0.0,0.684,재정자주도,KOSIS
2015,24,광주광역시,0.0,0.6709999999999999,재정자주도,KOSIS
2015,24,광주광역시,0.0,0.62,재정자주도,KOSIS
2015,25,대전광역시,0.0,0.7170000000000001,재정자주도,KOSIS
2015,25,대전광역시,0.0,0.662,재정자주도,KOSIS
2015,26,울산광역시,0.0,0.7959999999999999,재정자주도,KOSIS
2015,26,울산광역시,0.0,0.711,재정자주도,KOSIS
2015,29,세종특별자치시,0.0,0.78,재정자주도,KOSIS
2015,29,세종특별자치시,0.0,0.672,재정자주도,KOSIS
2015,31,경기도,0.0,0.759,재정자주도,KOSIS
2015,31,경기도,0.0,0.7,재정자주도,KOSIS
2015,32,강원도,0.0,0.691,재정자주도,KOSIS
2015,32,강원도,0.0,0.6459999999999999,재정자주도,KOSIS
2015,33,충청북도,0.0,0.722,재정자주도,KOSIS
2015,33,충청북도,0.0,0.6559999999999999,재정자주도,KOSIS
2015,34,충청남도,0.0,0.703,재정자주도,KOSIS
2015,34,충청남도,0.0,0.655,재정자주도,KOSIS
2015,35,전라북도,0.0,0.665,재정자주도,KOSIS
2015,35,전라북도,0.0,0.611,재정자주도,KOSIS
2015,36,전라남도,0.0,0.655,재정자주도,KOSIS
2015,36,전라남도,0.0,0.605,재정자주도,KOSIS
2015,37,경상북도,0.0,0.711,재정자주도,KOSIS
2015,37,경상북도,0.0,0.654,재정자주도,KOSIS
2015,38,경상남도,0.0,0.72,재정자주도,KOSIS
2015,38,경상남도,0.0,0.6609999999999999,재정자주도,KOSIS
2015,39,제주특별자치도,0.0,0.695,재정자주도,KOSIS
2015,39,제주특별자치도,0.0,0.634,재정자주도,KOSIS
2016,00,전국,0.525,0.0,재정자립도,KOSIS
2016,00,전국,0.466,0.0,재정자립도,KOSIS
2016,11,서울특별시,0.847,0.0,재정자립도,KOSIS
2016,11,서울특별시,0.807,0.0,재정자립도,KOSIS
2016,21,부산광역시,0.601,0.0,재정자립도,KOSIS
2016,21,부산광역시,0.509,0.0,재정자립도,KOSIS
2016,22,대구광역시,0.5710000000000001,0.0,재정자립도,KOSIS
2016,22,대구광역시,0.506,0.0,재정자립도,KOSIS
2016,23,인천광역시,0.67,0.0,재정자립도,KOSIS
2016,23,인천광역시,0.625,0.0,재정자립도,KOSIS
2016,24,광주광역시,0.515,0.0,재정자립도,KOSIS
2016,24,광주광역시,0.467,0.0,재정자립도,KOSIS
2016,25,대전광역시,0.55,0.0,재정자립도,KOSIS
2016,25,대전광역시,0.503,0.0,재정자립도,KOSIS
2016,26,울산광역시,0.722,0.0,재정자립도,KOSIS
2016,26,울산광역시,0.623,0.0,재정자립도,KOSIS
2016,29,세종특별자치시,0.59,0.0,재정자립도,KOSIS
2016,29,세종특별자치시,0.442,0.0,재정자립도,KOSIS
2016,31,경기도,0.674,0.0,재정자립도,KOSIS
2016,31,경기도,0.616,0.0,재정자립도,KOSIS
2016,32,강원도,0.271,0.0,재정자립도,KOSIS
2016,32,강원도,0.22399999999999998,0.0,재정자립도,KOSIS
2016,33,충청북도,0.35200000000000004,0.0,재정자립도,KOSIS
2016,33,충청북도,0.28800000000000003,0.0,재정자립도,KOSIS
2016,34,충청남도,0.387,0.0,재정자립도,KOSIS
2016,34,충청남도,0.335,0.0,재정자립도,KOSIS
2016,35,전라북도,0.297,0.0,재정자립도,KOSIS
2016,35,전라북도,0.23600000000000002,0.0,재정자립도,KOSIS
2016,36,전라남도,0.23800000000000002,0.0,재정자립도,KOSIS
2016,36,전라남도,0.193,0.0,재정자립도,KOSIS
2016,37,경상북도,0.33299999999999996,0.0,재정자립도,KOSIS
2016,37,경상북도,0.261,0.0,재정자립도,KOSIS
2016,38,경상남도,0.435,0.0,재정자립도,KOSIS
2016,38,경상남도,0.366,0.0,재정자립도,KOSIS
2016,39,제주특별자치도,0.382,0.0,재정자립도,KOSIS
2016,39,제주특별자치도,0.315,0.0,재정자립도,KOSIS
2016,00,전국,0.0,0.742,재정자주도,KOSIS
2016,00,전국,0.0,0.684,재정자주도,KOSIS
2016,11,서울특별시,0.0,0.858,재정자주도,KOSIS
2016,11,서울특별시,0.0,0.818,재정자주도,KOSIS
2016,21,부산광역시,0.0,0.7170000000000001,재정자주도,KOSIS
2016,21,부산광역시,0.0,0.625,재정자주도,KOSIS
2016,22,대구광역시,0.0,0.735,재정자주도,KOSIS
2016,22,대구광역시,0.0,0.67,재정자주도,KOSIS
2016,23,인천광역시,0.0,0.773,재정자주도,KOSIS
2016,23,인천광역시,0.0,0.7290000000000001,재정자주도,KOSIS
2016,24,광주광역시,0.0,0.6990000000000001,재정자주도,KOSIS
2016,24,광주광역시,0.0,0.65,재정자주도,KOSIS
2016,25,대전광역시,0.0,0.72,재정자주도,KOSIS
2016,25,대전광역시,0.0,0.6729999999999999,재정자주도,KOSIS
2016,26,울산광역시,0.0,0.805,재정자주도,KOSIS
2016,26,울산광역시,0.0,0.706,재정자주도,KOSIS
2016,29,세종특별자치시,0.0,0.76,재정자주도,KOSIS
2016,29,세종특별자치시,0.0,0.612,재정자주도,KOSIS
2016,31,경기도,0.0,0.769,재정자주도,KOSIS
2016,31,경기도,0.0,0.711,재정자주도,KOSIS
2016,32,강원도,0.0,0.688,재정자주도,KOSIS
2016,32,강원도,0.0,0.6409999999999999,재정자주도,KOSIS
2016,33,충청북도,0.0,0.722,재정자주도,KOSIS
2016,33,충청북도,0.0,0.657,재정자주도,KOSIS
2016,34,충청남도,0.0,0.718,재정자주도,KOSIS
2016,34,충청남도,0.0,0.6659999999999999,재정자주도,KOSIS
2016,35,전라북도,0.0,0.677,재정자주도,KOSIS
2016,35,전라북도,0.0,0.616,재정자주도,KOSIS
2016,36,전라남도,0.0,0.6559999999999999,재정자주도,KOSIS
2016,36,전라남도,0.0,0.611,재정자주도,KOSIS
2016,37,경상북도,0.0,0.7070000000000001,재정자주도,KOSIS
2016,37,경상북도,0.0,0.635,재정자주도,KOSIS
2016,38,경상남도,0.0,0.723,재정자주도,KOSIS
2016,38,경상남도,0.0,0.655,재정자주도,KOSIS
2016,39,제주특별자치도,0.0,0.701,재정자주도,KOSIS
2016,39,제주특별자치도,0.0,0.634,재정자주도,KOSIS
2017,00,전국,0.537,0.0,재정자립도,KOSIS
2017,00,전국,0.47200000000000003,0.0,재정자립도,KOSIS
2017,11,서울특별시,0.85,0.0,재정자립도,KOSIS
2017,11,서울특별시,0.805,0.0,재정자립도,KOSIS
2017,21,부산광역시,0.601,0.0,재정자립도,KOSIS
2017,21,부산광역시,0.529,0.0,재정자립도,KOSIS
2017,22,대구광역시,0.5660000000000001,0.0,재정자립도,KOSIS
2017,22,대구광역시,0.499,0.0,재정자립도,KOSIS
2017,23,인천광역시,0.654,0.0,재정자립도,KOSIS
2017,23,인천광역시,0.605,0.0,재정자립도,KOSIS
2017,24,광주광역시,0.49200000000000005,0.0,재정자립도,KOSIS
2017,24,광주광역시,0.44799999999999995,0.0,재정자립도,KOSIS
2017,25,대전광역시,0.5710000000000001,0.0,재정자립도,KOSIS
2017,25,대전광역시,0.509,0.0,재정자립도,KOSIS
2017,26,울산광역시,0.6990000000000001,0.0,재정자립도,KOSIS
2017,26,울산광역시,0.602,0.0,재정자립도,KOSIS
2017,29,세종특별자치시,0.705,0.0,재정자립도,KOSIS
2017,29,세종특별자치시,0.58,0.0,재정자립도,KOSIS
2017,31,경기도,0.701,0.0,재정자립도,KOSIS
2017,31,경기도,0.613,0.0,재정자립도,KOSIS
2017,32,강원도,0.29100000000000004,0.0,재정자립도,KOSIS
2017,32,강원도,0.24100000000000002,0.0,재정자립도,KOSIS
2017,33,충청북도,0.381,0.0,재정자립도,KOSIS
2017,33,충청북도,0.3,0.0,재정자립도,KOSIS
2017,34,충청남도,0.39299999999999996,0.0,재정자립도,KOSIS
2017,34,충청남도,0.34299999999999997,0.0,재정자립도,KOSIS
2017,35,전라북도,0.28600000000000003,0.0,재정자립도,KOSIS
2017,35,전라북도,0.223,0.0,재정자립도,KOSIS
2017,36,전라남도,0.262,0.0,재정자립도,KOSIS
2017,36,전라남도,0.2,0.0,재정자립도,KOSIS
2017,37,경상북도,0.327,0.0,재정자립도,KOSIS
2017,37,경상북도,0.262,0.0,재정자립도,KOSIS
2017,38,경상남도,0.45,0.0,재정자립도,KOSIS
2017,38,경상남도,0.387,0.0,재정자립도,KOSIS
2017,39,제주특별자치도,0.396,0.0,재정자립도,KOSIS
2017,39,제주특별자치도,0.337,0.0,재정자립도,KOSIS
2017,00,전국,0.0,0.7490000000000001,재정자주도,KOSIS
2017,00,전국,0.0,0.684,재정자주도,KOSIS
2017,11,서울특별시,0.0,0.862,재정자주도,KOSIS
2017,11,서울특별시,0.0,0.8170000000000001,재정자주도,KOSIS
2017,21,부산광역시,0.0,0.701,재정자주도,KOSIS
2017,21,부산광역시,0.0,0.628,재정자주도,KOSIS
2017,22,대구광역시,0.0,0.727,재정자주도,KOSIS
2017,22,대구광역시,0.0,0.659,재정자주도,KOSIS
2017,23,인천광역시,0.0,0.759,재정자주도,KOSIS
2017,23,인천광역시,0.0,0.71,재정자주도,KOSIS
2017,24,광주광역시,0.0,0.688,재정자주도,KOSIS
2017,24,광주광역시,0.0,0.644,재정자주도,KOSIS
2017,25,대전광역시,0.0,0.743,재정자주도,KOSIS
2017,25,대전광역시,0.0,0.6809999999999999,재정자주도,KOSIS
2017,26,울산광역시,0.0,0.784,재정자주도,KOSIS
2017,26,울산광역시,0.0,0.688,재정자주도,KOSIS
2017,29,세종특별자치시,0.0,0.8009999999999999,재정자주도,KOSIS
2017,29,세종특별자치시,0.0,0.6759999999999999,재정자주도,KOSIS
2017,31,경기도,0.0,0.7829999999999999,재정자주도,KOSIS
2017,31,경기도,0.0,0.696,재정자주도,KOSIS
2017,32,강원도,0.0,0.73,재정자주도,KOSIS
2017,32,강원도,0.0,0.68,재정자주도,KOSIS
2017,33,충청북도,0.0,0.733,재정자주도,KOSIS
2017,33,충청북도,0.0,0.652,재정자주도,KOSIS
2017,34,충청남도,0.0,0.722,재정자주도,KOSIS
2017,34,충청남도,0.0,0.6729999999999999,재정자주도,KOSIS
2017,35,전라북도,0.0,0.6809999999999999,재정자주도,KOSIS
2017,35,전라북도,0.0,0.618,재정자주도,KOSIS
2017,36,전라남도,0.0,0.672,재정자주도,KOSIS
2017,36,전라남도,0.0,0.609,재정자주도,KOSIS
2017,37,경상북도,0.0,0.705,재정자주도,KOSIS
2017,37,경상북도,0.0,0.6409999999999999,재정자주도,KOSIS
2017,38,경상남도,0.0,0.726,재정자주도,KOSIS
2017,38,경상남도,0.0,0.6629999999999999,재정자주도,KOSIS
2017,39,제주특별자치도,0.0,0.718,재정자주도,KOSIS
2017,39,제주특별자치도,0.0,0.659,재정자주도,KOSIS
2018,00,전국,0.534,0.0,재정자립도,KOSIS
2018,00,전국,0.46799999999999997,0.0,재정자립도,KOSIS
2018,11,서울특별시,0.843,0.0,재정자립도,KOSIS
2018,11,서울특별시,0.792,0.0,재정자립도,KOSIS
2018,21,부산광역시,0.5870000000000001,0.0,재정자립도,KOSIS
2018,21,부산광역시,0.523,0.0,재정자립도,KOSIS
2018,22,대구광역시,0.542,0.0,재정자립도,KOSIS
2018,22,대구광역시,0.47600000000000003,0.0,재정자립도,KOSIS
2018,23,인천광역시,0.67,0.0,재정자립도,KOSIS
2018,23,인천광역시,0.603,0.0,재정자립도,KOSIS
2018,24,광주광역시,0.49,0.0,재정자립도,KOSIS
2018,24,광주광역시,0.43799999999999994,0.0,재정자립도,KOSIS
2018,25,대전광역시,0.544,0.0,재정자립도,KOSIS
2018,25,대전광역시,0.47100000000000003,0.0,재정자립도,KOSIS
2018,26,울산광역시,0.66,0.0,재정자립도,KOSIS
2018,26,울산광역시,0.599,0.0,재정자립도,KOSIS
2018,29,세종특별자치시,0.6920000000000001,0.0,재정자립도,KOSIS
2018,29,세종특별자치시,0.5710000000000001,0.0,재정자립도,KOSIS
2018,31,경기도,0.6990000000000001,0.0,재정자립도,KOSIS
2018,31,경기도,0.619,0.0,재정자립도,KOSIS
2018,32,강원도,0.287,0.0,재정자립도,KOSIS
2018,32,강원도,0.235,0.0,재정자립도,KOSIS
2018,33,충청북도,0.374,0.0,재정자립도,KOSIS
2018,33,충청북도,0.29600000000000004,0.0,재정자립도,KOSIS
2018,34,충청남도,0.389,0.0,재정자립도,KOSIS
2018,34,충청남도,0.345,0.0,재정자립도,KOSIS
2018,35,전라북도,0.27899999999999997,0.0,재정자립도,KOSIS
2018,35,전라북도,0.215,0.0,재정자립도,KOSIS
2018,36,전라남도,0.264,0.0,재정자립도,KOSIS
2018,36,전라남도,0.198,0.0,재정자립도,KOSIS
2018,37,경상북도,0.33299999999999996,0.0,재정자립도,KOSIS
2018,37,경상북도,0.262,0.0,재정자립도,KOSIS
2018,38,경상남도,0.447,0.0,재정자립도,KOSIS
2018,38,경상남도,0.377,0.0,재정자립도,KOSIS
2018,39,제주특별자치도,0.425,0.0,재정자립도,KOSIS
2018,39,제주특별자치도,0.345,0.0,재정자립도,KOSIS
2018,00,전국,0.0,0.753,재정자주도,KOSIS
2018,00,전국,0.0,0.687,재정자주도,KOSIS
2018,11,서울특별시,0.0,0.855,재정자주도,KOSIS
2018,11,서울특별시,0.0,0.804,재정자주도,KOSIS
2018,21,부산광역시,0.0,0.6829999999999999,재정자주도,KOSIS
2018,21,부산광역시,0.0,0.619,재정자주도,KOSIS
2018,22,대구광역시,0.0,0.706,재정자주도,KOSIS
2018,22,대구광역시,0.0,0.64,재정자주도,KOSIS
2018,23,인천광역시,0.0,0.772,재정자주도,KOSIS
2018,23,인천광역시,0.0,0.706,재정자주도,KOSIS
2018,24,광주광역시,0.0,0.688,재정자주도,KOSIS
2018,24,광주광역시,0.0,0.636,재정자주도,KOSIS
2018,25,대전광역시,0.0,0.73,재정자주도,KOSIS
2018,25,대전광역시,0.0,0.6559999999999999,재정자주도,KOSIS
2018,26,울산광역시,0.0,0.76,재정자주도,KOSIS
2018,26,울산광역시,0.0,0.7,재정자주도,KOSIS
2018,29,세종특별자치시,0.0,0.7290000000000001,재정자주도,KOSIS
2018,29,세종특별자치시,0.0,0.608,재정자주도,KOSIS
2018,31,경기도,0.0,0.7879999999999999,재정자주도,KOSIS
2018,31,경기도,0.0,0.708,재정자주도,KOSIS
2018,32,강원도,0.0,0.762,재정자주도,KOSIS
2018,32,강원도,0.0,0.711,재정자주도,KOSIS
2018,33,충청북도,0.0,0.7340000000000001,재정자주도,KOSIS
2018,33,충청북도,0.0,0.6559999999999999,재정자주도,KOSIS
2018,34,충청남도,0.0,0.723,재정자주도,KOSIS
2018,34,충청남도,0.0,0.6779999999999999,재정자주도,KOSIS
2018,35,전라북도,0.0,0.6920000000000001,재정자주도,KOSIS
2018,35,전라북도,0.0,0.628,재정자주도,KOSIS
2018,36,전라남도,0.0,0.6779999999999999,재정자주도,KOSIS
2018,36,전라남도,0.0,0.612,재정자주도,KOSIS
2018,37,경상북도,0.0,0.723,재정자주도,KOSIS
2018,37,경상북도,0.0,0.652,재정자주도,KOSIS
2018,38,경상남도,0.0,0.7340000000000001,재정자주도,KOSIS
2018,38,경상남도,0.0,0.664,재정자주도,KOSIS
2018,39,제주특별자치도,0.0,0.748,재정자주도,KOSIS
2018,39,제주특별자치도,0.0,0.669,재정자주도,KOSIS
2019,00,전국,0.514,0.0,재정자립도,KOSIS
2019,00,전국,0.449,0.0,재정자립도,KOSIS
2019,11,서울특별시,0.8220000000000001,0.0,재정자립도,KOSIS
2019,11,서울특별시,0.765,0.0,재정자립도,KOSIS
2019,21,부산광역시,0.5670000000000001,0.0,재정자립도,KOSIS
2019,21,부산광역시,0.5,0.0,재정자립도,KOSIS
2019,22,대구광역시,0.516,0.0,재정자립도,KOSIS
2019,22,대구광역시,0.45899999999999996,0.0,재정자립도,KOSIS
2019,23,인천광역시,0.6459999999999999,0.0,재정자립도,KOSIS
2019,23,인천광역시,0.5770000000000001,0.0,재정자립도,KOSIS
2019,24,광주광역시,0.46799999999999997,0.0,재정자립도,KOSIS
2019,24,광주광역시,0.408,0.0,재정자립도,KOSIS
2019,25,대전광역시,0.48200000000000004,0.0,재정자립도,KOSIS
2019,25,대전광역시,0.439,0.0,재정자립도,KOSIS
2019,26,울산광역시,0.597,0.0,재정자립도,KOSIS
2019,26,울산광역시,0.537,0.0,재정자립도,KOSIS
2019,29,세종특별자치시,0.727,0.0,재정자립도,KOSIS
2019,29,세종특별자치시,0.621,0.0,재정자립도,KOSIS
2019,31,경기도,0.684,0.0,재정자립도,KOSIS
2019,31,경기도,0.605,0.0,재정자립도,KOSIS
2019,32,강원도,0.28600000000000003,0.0,재정자립도,KOSIS
2019,32,강원도,0.235,0.0,재정자립도,KOSIS
2019,33,충청북도,0.359,0.0,재정자립도,KOSIS
2019,33,충청북도,0.287,0.0,재정자립도,KOSIS
2019,34,충청남도,0.37799999999999995,0.0,재정자립도,KOSIS
2019,34,충청남도,0.33,0.0,재정자립도,KOSIS
2019,35,전라북도,0.265,0.0,재정자립도,KOSIS
2019,35,전라북도,0.204,0.0,재정자립도,KOSIS
2019,36,전라남도,0.257,0.0,재정자립도,KOSIS
2019,36,전라남도,0.191,0.0,재정자립도,KOSIS
2019,37,경상북도,0.319,0.0,재정자립도,KOSIS
2019,37,경상북도,0.249,0.0,재정자립도,KOSIS
2019,38,경상남도,0.405,0.0,재정자립도,KOSIS
2019,38,경상남도,0.33399999999999996,0.0,재정자립도,KOSIS
2019,39,제주특별자치도,0.365,0.0,재정자립도,KOSIS
2019,39,제주특별자치도,0.33,0.0,재정자립도,KOSIS
2019,00,전국,0.0,0.742,재정자주도,KOSIS
2019,00,전국,0.0,0.6779999999999999,재정자주도,KOSIS
2019,11,서울특별시,0.0,0.8370000000000001,재정자주도,KOSIS
2019,11,서울특별시,0.0,0.78,재정자주도,KOSIS
2019,21,부산광역시,0.0,0.68,재정자주도,KOSIS
2019,21,부산광역시,0.0,0.614,재정자주도,KOSIS
2019,22,대구광역시,0.0,0.6890000000000001,재정자주도,KOSIS
2019,22,대구광역시,0.0,0.632,재정자주도,KOSIS
2019,23,인천광역시,0.0,0.7559999999999999,재정자주도,KOSIS
2019,23,인천광역시,0.0,0.687,재정자주도,KOSIS
2019,24,광주광역시,0.0,0.6890000000000001,재정자주도,KOSIS
2019,24,광주광역시,0.0,0.628,재정자주도,KOSIS
2019,25,대전광역시,0.0,0.71,재정자주도,KOSIS
2019,25,대전광역시,0.0,0.6659999999999999,재정자주도,KOSIS
2019,26,울산광역시,0.0,0.7440000000000001,재정자주도,KOSIS
2019,26,울산광역시,0.0,0.6829999999999999,재정자주도,KOSIS
2019,29,세종특별자치시,0.0,0.764,재정자주도,KOSIS
2019,29,세종특별자치시,0.0,0.6579999999999999,재정자주도,KOSIS
2019,31,경기도,0.0,0.773,재정자주도,KOSIS
2019,31,경기도,0.0,0.6940000000000001,재정자주도,KOSIS
2019,32,강원도,0.0,0.759,재정자주도,KOSIS
2019,32,강원도,0.0,0.708,재정자주도,KOSIS
2019,33,충청북도,0.0,0.728,재정자주도,KOSIS
2019,33,충청북도,0.0,0.6559999999999999,재정자주도,KOSIS
2019,34,충청남도,0.0,0.721,재정자주도,KOSIS
2019,34,충청남도,0.0,0.6729999999999999,재정자주도,KOSIS
2019,35,전라북도,0.0,0.6920000000000001,재정자주도,KOSIS
2019,35,전라북도,0.0,0.631,재정자주도,KOSIS
2019,36,전라남도,0.0,0.682,재정자주도,KOSIS
2019,36,전라남도,0.0,0.616,재정자주도,KOSIS
2019,37,경상북도,0.0,0.7190000000000001,재정자주도,KOSIS
2019,37,경상북도,0.0,0.649,재정자주도,KOSIS
2019,38,경상남도,0.0,0.715,재정자주도,KOSIS
2019,38,경상남도,0.0,0.644,재정자주도,KOSIS
2019,39,제주특별자치도,0.0,0.7090000000000001,재정자주도,KOSIS
2019,39,제주특별자치도,0.0,0.674,재정자주도,KOSIS
2020,00,전국,0.504,0.0,재정자립도,KOSIS
2020,00,전국,0.452,0.0,재정자립도,KOSIS
2020,11,서울특별시,0.8140000000000001,0.0,재정자립도,KOSIS
2020,11,서울특별시,0.7609999999999999,0.0,재정자립도,KOSIS
2020,21,부산광역시,0.5479999999999999,0.0,재정자립도,KOSIS
2020,21,부산광역시,0.49200000000000005,0.0,재정자립도,KOSIS
2020,22,대구광역시,0.505,0.0,재정자립도,KOSIS
2020,22,대구광역시,0.45399999999999996,0.0,재정자립도,KOSIS
2020,23,인천광역시,0.598,0.0,재정자립도,KOSIS
2020,23,인천광역시,0.54,0.0,재정자립도,KOSIS
2020,24,광주광역시,0.45299999999999996,0.0,재정자립도,KOSIS
2020,24,광주광역시,0.41100000000000003,0.0,재정자립도,KOSIS
2020,25,대전광역시,0.46,0.0,재정자립도,KOSIS
2020,25,대전광역시,0.414,0.0,재정자립도,KOSIS
2020,26,울산광역시,0.562,0.0,재정자립도,KOSIS
2020,26,울산광역시,0.516,0.0,재정자립도,KOSIS
2020,29,세종특별자치시,0.648,0.0,재정자립도,KOSIS
2020,29,세종특별자치시,0.593,0.0,재정자립도,KOSIS
2020,31,경기도,0.648,0.0,재정자립도,KOSIS
2020,31,경기도,0.586,0.0,재정자립도,KOSIS
2020,32,강원도,0.28800000000000003,0.0,재정자립도,KOSIS
2020,32,강원도,0.258,0.0,재정자립도,KOSIS
2020,33,충청북도,0.348,0.0,재정자립도,KOSIS
2020,33,충청북도,0.301,0.0,재정자립도,KOSIS
2020,34,충청남도,0.38299999999999995,0.0,재정자립도,KOSIS
2020,34,충청남도,0.344,0.0,재정자립도,KOSIS
2020,35,전라북도,0.301,0.0,재정자립도,KOSIS
2020,35,전라북도,0.249,0.0,재정자립도,KOSIS
2020,36,전라남도,0.281,0.0,재정자립도,KOSIS
2020,36,전라남도,0.233,0.0,재정자립도,KOSIS
2020,37,경상북도,0.321,0.0,재정자립도,KOSIS
2020,37,경상북도,0.271,0.0,재정자립도,KOSIS
2020,38,경상남도,0.4,0.0,재정자립도,KOSIS
2020,38,경상남도,0.34299999999999997,0.0,재정자립도,KOSIS
2020,39,제주특별자치도,0.401,0.0,재정자립도,KOSIS
2020,39,제주특별자치도,0.32899999999999996,0.0,재정자립도,KOSIS
2020,00,전국,0.0,0.7390000000000001,재정자주도,KOSIS
2020,00,전국,0.0,0.687,재정자주도,KOSIS
2020,11,서울특별시,0.0,0.831,재정자주도,KOSIS
2020,11,서울특별시,0.0,0.778,재정자주도,KOSIS
2020,21,부산광역시,0.0,0.6659999999999999,재정자주도,KOSIS
2020,21,부산광역시,0.0,0.61,재정자주도,KOSIS
2020,22,대구광역시,0.0,0.665,재정자주도,KOSIS
2020,22,대구광역시,0.0,0.615,재정자주도,KOSIS
2020,23,인천광역시,0.0,0.721,재정자주도,KOSIS
2020,23,인천광역시,0.0,0.6629999999999999,재정자주도,KOSIS
2020,24,광주광역시,0.0,0.6659999999999999,재정자주도,KOSIS
2020,24,광주광역시,0.0,0.624,재정자주도,KOSIS
2020,25,대전광역시,0.0,0.677,재정자주도,KOSIS
2020,25,대전광역시,0.0,0.631,재정자주도,KOSIS
2020,26,울산광역시,0.0,0.722,재정자주도,KOSIS
2020,26,울산광역시,0.0,0.675,재정자주도,KOSIS
2020,29,세종특별자치시,0.0,0.708,재정자주도,KOSIS
2020,29,세종특별자치시,0.0,0.652,재정자주도,KOSIS
2020,31,경기도,0.0,0.755,재정자주도,KOSIS
2020,31,경기도,0.0,0.693,재정자주도,KOSIS
2020,32,강원도,0.0,0.7609999999999999,재정자주도,KOSIS
2020,32,강원도,0.0,0.731,재정자주도,KOSIS
2020,33,충청북도,0.0,0.735,재정자주도,KOSIS
2020,33,충청북도,0.0,0.688,재정자주도,KOSIS
2020,34,충청남도,0.0,0.737,재정자주도,KOSIS
2020,34,충청남도,0.0,0.698,재정자주도,KOSIS
2020,35,전라북도,0.0,0.718,재정자주도,KOSIS
2020,35,전라북도,0.0,0.6659999999999999,재정자주도,KOSIS
2020,36,전라남도,0.0,0.716,재정자주도,KOSIS
2020,36,전라남도,0.0,0.667,재정자주도,KOSIS
2020,37,경상북도,0.0,0.7390000000000001,재정자주도,KOSIS
2020,37,경상북도,0.0,0.6890000000000001,재정자주도,KOSIS
2020,38,경상남도,0.0,0.7140000000000001,재정자주도,KOSIS
2020,38,경상남도,0.0,0.657,재정자주도,KOSIS
2020,39,제주특별자치도,0.0,0.703,재정자주도,KOSIS
2020,39,제주특별자치도,0.0,0.631,재정자주도,KOSIS
2021,00,전국,0.48700000000000004,0.0,재정자립도,KOSIS
2021,00,전국,0.436,0.0,재정자립도,KOSIS
2021,11,서울특별시,0.8059999999999999,0.0,재정자립도,KOSIS
2021,11,서울특별시,0.7559999999999999,0.0,재정자립도,KOSIS
2021,21,부산광역시,0.498,0.0,재정자립도,KOSIS
2021,21,부산광역시,0.461,0.0,재정자립도,KOSIS
2021,22,대구광역시,0.489,0.0,재정자립도,KOSIS
2021,22,대구광역시,0.446,0.0,재정자립도,KOSIS
2021,23,인천광역시,0.561,0.0,재정자립도,KOSIS
2021,23,인천광역시,0.503,0.0,재정자립도,KOSIS
2021,24,광주광역시,0.445,0.0,재정자립도,KOSIS
2021,24,광주광역시,0.408,0.0,재정자립도,KOSIS
2021,25,대전광역시,0.451,0.0,재정자립도,KOSIS
2021,25,대전광역시,0.39899999999999997,0.0,재정자립도,KOSIS
2021,26,울산광역시,0.544,0.0,재정자립도,KOSIS
2021,26,울산광역시,0.496,0.0,재정자립도,KOSIS
2021,29,세종특별자치시,0.64,0.0,재정자립도,KOSIS
2021,29,세종특별자치시,0.588,0.0,재정자립도,KOSIS
2021,31,경기도,0.637,0.0,재정자립도,KOSIS
2021,31,경기도,0.573,0.0,재정자립도,KOSIS
2021,32,강원도,0.28300000000000003,0.0,재정자립도,KOSIS
2021,32,강원도,0.245,0.0,재정자립도,KOSIS
2021,33,충청북도,0.32899999999999996,0.0,재정자립도,KOSIS
2021,33,충청북도,0.28300000000000003,0.0,재정자립도,KOSIS
2021,34,충청남도,0.369,0.0,재정자립도,KOSIS
2021,34,충청남도,0.32299999999999995,0.0,재정자립도,KOSIS
2021,35,전라북도,0.27699999999999997,0.0,재정자립도,KOSIS
2021,35,전라북도,0.231,0.0,재정자립도,KOSIS
2021,36,전라남도,0.27,0.0,재정자립도,KOSIS
2021,36,전라남도,0.222,0.0,재정자립도,KOSIS
2021,37,경상북도,0.298,0.0,재정자립도,KOSIS
2021,37,경상북도,0.249,0.0,재정자립도,KOSIS
2021,38,경상남도,0.389,0.0,재정자립도,KOSIS
2021,38,경상남도,0.335,0.0,재정자립도,KOSIS
2021,39,제주특별자치도,0.387,0.0,재정자립도,KOSIS
2021,39,제주특별자치도,0.327,0.0,재정자립도,KOSIS
2021,00,전국,0.0,0.708,재정자주도,KOSIS
2021,00,전국,0.0,0.657,재정자주도,KOSIS
2021,11,서울특별시,0.0,0.826,재정자주도,KOSIS
2021,11,서울특별시,0.0,0.7759999999999999,재정자주도,KOSIS
2021,21,부산광역시,0.0,0.622,재정자주도,KOSIS
2021,21,부산광역시,0.0,0.584,재정자주도,KOSIS
2021,22,대구광역시,0.0,0.644,재정자주도,KOSIS
2021,22,대구광역시,0.0,0.602,재정자주도,KOSIS
2021,23,인천광역시,0.0,0.684,재정자주도,KOSIS
2021,23,인천광역시,0.0,0.627,재정자주도,KOSIS
2021,24,광주광역시,0.0,0.643,재정자주도,KOSIS
2021,24,광주광역시,0.0,0.607,재정자주도,KOSIS
2021,25,대전광역시,0.0,0.653,재정자주도,KOSIS
2021,25,대전광역시,0.0,0.601,재정자주도,KOSIS
2021,26,울산광역시,0.0,0.7,재정자주도,KOSIS
2021,26,울산광역시,0.0,0.652,재정자주도,KOSIS
2021,29,세종특별자치시,0.0,0.71,재정자주도,KOSIS
2021,29,세종특별자치시,0.0,0.6579999999999999,재정자주도,KOSIS
2021,31,경기도,0.0,0.737,재정자주도,KOSIS
2021,31,경기도,0.0,0.672,재정자주도,KOSIS
2021,32,강원도,0.0,0.7140000000000001,재정자주도,KOSIS
2021,32,강원도,0.0,0.675,재정자주도,KOSIS
2021,33,충청북도,0.0,0.6779999999999999,재정자주도,KOSIS
2021,33,충청북도,0.0,0.632,재정자주도,KOSIS
2021,34,충청남도,0.0,0.69,재정자주도,KOSIS
2021,34,충청남도,0.0,0.644,재정자주도,KOSIS
2021,35,전라북도,0.0,0.654,재정자주도,KOSIS
2021,35,전라북도,0.0,0.608,재정자주도,KOSIS
2021,36,전라남도,0.0,0.679,재정자주도,KOSIS
2021,36,전라남도,0.0,0.631,재정자주도,KOSIS
2021,37,경상북도,0.0,0.69,재정자주도,KOSIS
2021,37,경상북도,0.0,0.6409999999999999,재정자주도,KOSIS
2021,38,경상남도,0.0,0.6829999999999999,재정자주도,KOSIS
2021,38,경상남도,0.0,0.629,재정자주도,KOSIS
2021,39,제주특별자치도,0.0,0.6859999999999999,재정자주도,KOSIS
2021,39,제주특별자치도,0.0,0.625,재정자주도,KOSIS
2022,00,전국,0.499,0.0,재정자립도,KOSIS
2022,00,전국,0.45299999999999996,0.0,재정자립도,KOSIS
2022,11,서울특별시,0.809,0.0,재정자립도,KOSIS
2022,11,서울특별시,0.763,0.0,재정자립도,KOSIS
2022,21,부산광역시,0.537,0.0,재정자립도,KOSIS
2022,21,부산광역시,0.469,0.0,재정자립도,KOSIS
2022,22,대구광역시,0.511,0.0,재정자립도,KOSIS
2022,22,대구광역시,0.479,0.0,재정자립도,KOSIS
2022,23,인천광역시,0.5770000000000001,0.0,재정자립도,KOSIS
2022,23,인천광역시,0.528,0.0,재정자립도,KOSIS
2022,24,광주광역시,0.46,0.0,재정자립도,KOSIS
2022,24,광주광역시,0.41100000000000003,0.0,재정자립도,KOSIS
2022,25,대전광역시,0.46799999999999997,0.0,재정자립도,KOSIS
2022,25,대전광역시,0.424,0.0,재정자립도,KOSIS
2022,26,울산광역시,0.547,0.0,재정자립도,KOSIS
2022,26,울산광역시,0.48700000000000004,0.0,재정자립도,KOSIS
2022,29,세종특별자치시,0.6579999999999999,0.0,재정자립도,KOSIS
2022,29,세종특별자치시,0.569,0.0,재정자립도,KOSIS
2022,31,경기도,0.6629999999999999,0.0,재정자립도,KOSIS
2022,31,경기도,0.616,0.0,재정자립도,KOSIS
2022,32,강원도,0.276,0.0,재정자립도,KOSIS
2022,32,강원도,0.247,0.0,재정자립도,KOSIS
2022,33,충청북도,0.34700000000000003,0.0,재정자립도,KOSIS
2022,33,충청북도,0.302,0.0,재정자립도,KOSIS
2022,34,충청남도,0.37,0.0,재정자립도,KOSIS
2022,34,충청남도,0.331,0.0,재정자립도,KOSIS
2022,35,전라북도,0.281,0.0,재정자립도,KOSIS
2022,35,전라북도,0.23800000000000002,0.0,재정자립도,KOSIS
2022,36,전라남도,0.28300000000000003,0.0,재정자립도,KOSIS
2022,36,전라남도,0.242,0.0,재정자립도,KOSIS
2022,37,경상북도,0.3,0.0,재정자립도,KOSIS
2022,37,경상북도,0.256,0.0,재정자립도,KOSIS
2022,38,경상남도,0.375,0.0,재정자립도,KOSIS
2022,38,경상남도,0.32799999999999996,0.0,재정자립도,KOSIS
2022,39,제주특별자치도,0.371,0.0,재정자립도,KOSIS
2022,39,제주특별자치도,0.327,0.0,재정자립도,KOSIS
2022,00,전국,0.0,0.7340000000000001,재정자주도,KOSIS
2022,00,전국,0.0,0.688,재정자주도,KOSIS
2022,11,서울특별시,0.0,0.8320000000000001,재정자주도,KOSIS
2022,11,서울특별시,0.0,0.7859999999999999,재정자주도,KOSIS
2022,21,부산광역시,0.0,0.6629999999999999,재정자주도,KOSIS
2022,21,부산광역시,0.0,0.596,재정자주도,KOSIS
2022,22,대구광역시,0.0,0.68,재정자주도,KOSIS
2022,22,대구광역시,0.0,0.648,재정자주도,KOSIS
2022,23,인천광역시,0.0,0.7140000000000001,재정자주도,KOSIS
2022,23,인천광역시,0.0,0.665,재정자주도,KOSIS
2022,24,광주광역시,0.0,0.6729999999999999,재정자주도,KOSIS
2022,24,광주광역시,0.0,0.624,재정자주도,KOSIS
2022,25,대전광역시,0.0,0.685,재정자주도,KOSIS
2022,25,대전광역시,0.0,0.64,재정자주도,KOSIS
2022,26,울산광역시,0.0,0.726,재정자주도,KOSIS
2022,26,울산광역시,0.0,0.667,재정자주도,KOSIS
2022,29,세종특별자치시,0.0,0.7240000000000001,재정자주도,KOSIS
2022,29,세종특별자치시,0.0,0.634,재정자주도,KOSIS
2022,31,경기도,0.0,0.754,재정자주도,KOSIS
2022,31,경기도,0.0,0.7070000000000001,재정자주도,KOSIS
2022,32,강원도,0.0,0.745,재정자주도,KOSIS
2022,32,강원도,0.0,0.716,재정자주도,KOSIS
2022,33,충청북도,0.0,0.72,재정자주도,KOSIS
2022,33,충청북도,0.0,0.675,재정자주도,KOSIS
2022,34,충청남도,0.0,0.711,재정자주도,KOSIS
2022,34,충청남도,0.0,0.6709999999999999,재정자주도,KOSIS
2022,35,전라북도,0.0,0.698,재정자주도,KOSIS
2022,35,전라북도,0.0,0.655,재정자주도,KOSIS
2022,36,전라남도,0.0,0.716,재정자주도,KOSIS
2022,36,전라남도,0.0,0.675,재정자주도,KOSIS
2022,37,경상북도,0.0,0.735,재정자주도,KOSIS
2022,37,경상북도,0.0,0.691,재정자주도,KOSIS
2022,38,경상남도,0.0,0.698,재정자주도,KOSIS
2022,38,경상남도,0.0,0.6509999999999999,재정자주도,KOSIS
2022,39,제주특별자치도,0.0,0.705,재정자주도,KOSIS
2022,39,제주특별자치도,0.0,0.6609999999999999,재정자주도,KOSIS
2023,00,전국,0.501,0.0,재정자립도,KOSIS
2023,00,전국,0.45,0.0,재정자립도,KOSIS
2023,11,서울특별시,0.812,0.0,재정자립도,KOSIS
2023,11,서울특별시,0.754,0.0,재정자립도,KOSIS
2023,21,부산광역시,0.532,0.0,재정자립도,KOSIS
2023,21,부산광역시,0.46,0.0,재정자립도,KOSIS
2023,22,대구광역시,0.523,0.0,재정자립도,KOSIS
2023,22,대구광역시,0.474,0.0,재정자립도,KOSIS
2023,23,인천광역시,0.596,0.0,재정자립도,KOSIS
2023,23,인천광역시,0.524,0.0,재정자립도,KOSIS
2023,24,광주광역시,0.462,0.0,재정자립도,KOSIS
2023,24,광주광역시,0.423,0.0,재정자립도,KOSIS
2023,25,대전광역시,0.46399999999999997,0.0,재정자립도,KOSIS
2023,25,대전광역시,0.423,0.0,재정자립도,KOSIS
2023,26,울산광역시,0.5660000000000001,0.0,재정자립도,KOSIS
2023,26,울산광역시,0.498,0.0,재정자립도,KOSIS
2023,29,세종특별자치시,0.6970000000000001,0.0,재정자립도,KOSIS
2023,29,세종특별자치시,0.5720000000000001,0.0,재정자립도,KOSIS
2023,31,경기도,0.657,0.0,재정자립도,KOSIS
2023,31,경기도,0.605,0.0,재정자립도,KOSIS
2023,32,강원도,0.294,0.0,재정자립도,KOSIS
2023,32,강원도,0.254,0.0,재정자립도,KOSIS
2023,33,충청북도,0.36200000000000004,0.0,재정자립도,KOSIS
2023,33,충청북도,0.321,0.0,재정자립도,KOSIS
2023,34,충청남도,0.379,0.0,재정자립도,KOSIS
2023,34,충청남도,0.336,0.0,재정자립도,KOSIS
2023,35,전라북도,0.27899999999999997,0.0,재정자립도,KOSIS
2023,35,전라북도,0.23800000000000002,0.0,재정자립도,KOSIS
2023,36,전라남도,0.287,0.0,재정자립도,KOSIS
2023,36,전라남도,0.239,0.0,재정자립도,KOSIS
2023,37,경상북도,0.297,0.0,재정자립도,KOSIS
2023,37,경상북도,0.253,0.0,재정자립도,KOSIS
2023,38,경상남도,0.38799999999999996,0.0,재정자립도,KOSIS
2023,38,경상남도,0.337,0.0,재정자립도,KOSIS
2023,39,제주특별자치도,0.369,0.0,재정자립도,KOSIS
2023,39,제주특별자치도,0.33299999999999996,0.0,재정자립도,KOSIS
2023,00,전국,0.0,0.741,재정자주도,KOSIS
2023,00,전국,0.0,0.69,재정자주도,KOSIS
2023,11,서울특별시,0.0,0.83,재정자주도,KOSIS
2023,11,서울특별시,0.0,0.772,재정자주도,KOSIS
2023,21,부산광역시,0.0,0.657,재정자주도,KOSIS
2023,21,부산광역시,0.0,0.585,재정자주도,KOSIS
2023,22,대구광역시,0.0,0.696,재정자주도,KOSIS
2023,22,대구광역시,0.0,0.647,재정자주도,KOSIS
2023,23,인천광역시,0.0,0.722,재정자주도,KOSIS
2023,23,인천광역시,0.0,0.65,재정자주도,KOSIS
2023,24,광주광역시,0.0,0.6890000000000001,재정자주도,KOSIS
2023,24,광주광역시,0.0,0.6509999999999999,재정자주도,KOSIS
2023,25,대전광역시,0.0,0.687,재정자주도,KOSIS
2023,25,대전광역시,0.0,0.6459999999999999,재정자주도,KOSIS
2023,26,울산광역시,0.0,0.748,재정자주도,KOSIS
2023,26,울산광역시,0.0,0.68,재정자주도,KOSIS
2023,29,세종특별자치시,0.0,0.7609999999999999,재정자주도,KOSIS
2023,29,세종특별자치시,0.0,0.635,재정자주도,KOSIS
2023,31,경기도,0.0,0.743,재정자주도,KOSIS
2023,31,경기도,0.0,0.691,재정자주도,KOSIS
2023,32,강원도,0.0,0.768,재정자주도,KOSIS
2023,32,강원도,0.0,0.728,재정자주도,KOSIS
2023,33,충청북도,0.0,0.728,재정자주도,KOSIS
2023,33,충청북도,0.0,0.6859999999999999,재정자주도,KOSIS
2023,34,충청남도,0.0,0.726,재정자주도,KOSIS
2023,34,충청남도,0.0,0.6829999999999999,재정자주도,KOSIS
2023,35,전라북도,0.0,0.711,재정자주도,KOSIS
2023,35,전라북도,0.0,0.6709999999999999,재정자주도,KOSIS
2023,36,전라남도,0.0,0.725,재정자주도,KOSIS
2023,36,전라남도,0.0,0.677,재정자주도,KOSIS
2023,37,경상북도,0.0,0.75,재정자주도,KOSIS
2023,37,경상북도,0.0,0.7070000000000001,재정자주도,KOSIS
2023,38,경상남도,0.0,0.722,재정자주도,KOSIS
2023,38,경상남도,0.0,0.6709999999999999,재정자주도,KOSIS
2023,39,제주특별자치도,0.0,0.737,재정자주도,KOSIS
2023,39,제주특별자치도,0.0,0.701,재정자주도,KOSIS
2024,00,전국,0.486,0.0,재정자립도,KOSIS
2024,00,전국,0.433,0.0,재정자립도,KOSIS
2024,11,서울특별시,0.7979999999999999,0.0,재정자립도,KOSIS
2024,11,서울특별시,0.74,0.0,재정자립도,KOSIS
2024,21,부산광역시,0.514,0.0,재정자립도,KOSIS
2024,21,부산광역시,0.451,0.0,재정자립도,KOSIS
2024,22,대구광역시,0.47600000000000003,0.0,재정자립도,KOSIS
2024,22,대구광역시,0.44299999999999995,0.0,재정자립도,KOSIS
2024,23,인천광역시,0.5489999999999999,0.0,재정자립도,KOSIS
2024,23,인천광역시,0.496,0.0,재정자립도,KOSIS
2024,24,광주광역시,0.42700000000000005,0.0,재정자립도,KOSIS
2024,24,광주광역시,0.40700000000000003,0.0,재정자립도,KOSIS
2024,25,대전광역시,0.45299999999999996,0.0,재정자립도,KOSIS
2024,25,대전광역시,0.41700000000000004,0.0,재정자립도,KOSIS
2024,26,울산광역시,0.517,0.0,재정자립도,KOSIS
2024,26,울산광역시,0.46299999999999997,0.0,재정자립도,KOSIS
2024,29,세종특별자치시,0.638,0.0,재정자립도,KOSIS
2024,29,세종특별자치시,0.575,0.0,재정자립도,KOSIS
2024,31,경기도,0.627,0.0,재정자립도,KOSIS
2024,31,경기도,0.551,0.0,재정자립도,KOSIS
2024,32,강원도,0.289,0.0,재정자립도,KOSIS
2024,32,강원도,0.252,0.0,재정자립도,KOSIS
2024,33,충청북도,0.34299999999999997,0.0,재정자립도,KOSIS
2024,33,충청북도,0.304,0.0,재정자립도,KOSIS
2024,34,충청남도,0.376,0.0,재정자립도,KOSIS
2024,34,충청남도,0.324,0.0,재정자립도,KOSIS
2024,35,전라북도,0.273,0.0,재정자립도,KOSIS
2024,35,전라북도,0.235,0.0,재정자립도,KOSIS
2024,36,전라남도,0.26899999999999996,0.0,재정자립도,KOSIS
2024,36,전라남도,0.244,0.0,재정자립도,KOSIS
2024,37,경상북도,0.298,0.0,재정자립도,KOSIS
2024,37,경상북도,0.24600000000000002,0.0,재정자립도,KOSIS
2024,38,경상남도,0.392,0.0,재정자립도,KOSIS
2024,38,경상남도,0.336,0.0,재정자립도,KOSIS
2024,39,제주특별자치도,0.384,0.0,재정자립도,KOSIS
2024,39,제주특별자치도,0.34,0.0,재정자립도,KOSIS
2024,00,전국,0.0,0.7090000000000001,재정자주도,KOSIS
2024,00,전국,0.0,0.657,재정자주도,KOSIS
2024,11,서울특별시,0.0,0.812,재정자주도,KOSIS
2024,11,서울특별시,0.0,0.754,재정자주도,KOSIS
2024,21,부산광역시,0.0,0.632,재정자주도,KOSIS
2024,21,부산광역시,0.0,0.569,재정자주도,KOSIS
2024,22,대구광역시,0.0,0.66,재정자주도,KOSIS
2024,22,대구광역시,0.0,0.628,재정자주도,KOSIS
2024,23,인천광역시,0.0,0.664,재정자주도,KOSIS
2024,23,인천광역시,0.0,0.611,재정자주도,KOSIS
2024,24,광주광역시,0.0,0.627,재정자주도,KOSIS
2024,24,광주광역시,0.0,0.607,재정자주도,KOSIS
2024,25,대전광역시,0.0,0.6409999999999999,재정자주도,KOSIS
2024,25,대전광역시,0.0,0.604,재정자주도,KOSIS
2024,26,울산광역시,0.0,0.727,재정자주도,KOSIS
2024,26,울산광역시,0.0,0.6729999999999999,재정자주도,KOSIS
2024,29,세종특별자치시,0.0,0.72,재정자주도,KOSIS
2024,29,세종특별자치시,0.0,0.6579999999999999,재정자주도,KOSIS
2024,31,경기도,0.0,0.708,재정자주도,KOSIS
2024,31,경기도,0.0,0.632,재정자주도,KOSIS
2024,32,강원도,0.0,0.737,재정자주도,KOSIS
2024,32,강원도,0.0,0.701,재정자주도,KOSIS
2024,33,충청북도,0.0,0.6759999999999999,재정자주도,KOSIS
2024,33,충청북도,0.0,0.637,재정자주도,KOSIS
2024,34,충청남도,0.0,0.706,재정자주도,KOSIS
2024,34,충청남도,0.0,0.654,재정자주도,KOSIS
2024,35,전라북도,0.0,0.675,재정자주도,KOSIS
2024,35,전라북도,0.0,0.637,재정자주도,KOSIS
2024,36,전라남도,0.0,0.6859999999999999,재정자주도,KOSIS
2024,36,전라남도,0.0,0.662,재정자주도,KOSIS
2024,37,경상북도,0.0,0.715,재정자주도,KOSIS
2024,37,경상북도,0.0,0.662,재정자주도,KOSIS
2024,38,경상남도,0.0,0.713,재정자주도,KOSIS
2024,38,경상남도,0.0,0.657,재정자주도,KOSIS
2024,39,제주특별자치도,0.0,0.7140000000000001,재정자주도,KOSIS
2024,39,제주특별자치도,0.0,0.67,재정자주도,KOSIS
2025,00,전국,0.486,0.0,재정자립도,KOSIS
2025,00,전국,0.43200000000000005,0.0,재정자립도,KOSIS
2025,11,서울특별시,0.7909999999999999,0.0,재정자립도,KOSIS
2025,11,서울특별시,0.736,0.0,재정자립도,KOSIS
2025,21,부산광역시,0.486,0.0,재정자립도,KOSIS
2025,21,부산광역시,0.42700000000000005,0.0,재정자립도,KOSIS
2025,22,대구광역시,0.467,0.0,재정자립도,KOSIS
2025,22,대구광역시,0.419,0.0,재정자립도,KOSIS
2025,23,인천광역시,0.556,0.0,재정자립도,KOSIS
2025,23,인천광역시,0.49200000000000005,0.0,재정자립도,KOSIS
2025,24,광주광역시,0.42,0.0,재정자립도,KOSIS
2025,24,광주광역시,0.39799999999999996,0.0,재정자립도,KOSIS
2025,25,대전광역시,0.451,0.0,재정자립도,KOSIS
2025,25,대전광역시,0.41100000000000003,0.0,재정자립도,KOSIS
2025,26,울산광역시,0.529,0.0,재정자립도,KOSIS
2025,26,울산광역시,0.461,0.0,재정자립도,KOSIS
2025,29,세종특별자치시,0.627,0.0,재정자립도,KOSIS
2025,29,세종특별자치시,0.5429999999999999,0.0,재정자립도,KOSIS
2025,31,경기도,0.628,0.0,재정자립도,KOSIS
2025,31,경기도,0.557,0.0,재정자립도,KOSIS
2025,32,강원도,0.29,0.0,재정자립도,KOSIS
2025,32,강원도,0.257,0.0,재정자립도,KOSIS
2025,33,충청북도,0.369,0.0,재정자립도,KOSIS
2025,33,충청북도,0.318,0.0,재정자립도,KOSIS
2025,34,충청남도,0.368,0.0,재정자립도,KOSIS
2025,34,충청남도,0.322,0.0,재정자립도,KOSIS
2025,35,전라북도,0.271,0.0,재정자립도,KOSIS
2025,35,전라북도,0.23600000000000002,0.0,재정자립도,KOSIS
2025,36,전라남도,0.271,0.0,재정자립도,KOSIS
2025,36,전라남도,0.237,0.0,재정자립도,KOSIS
2025,37,경상북도,0.31,0.0,재정자립도,KOSIS
2025,37,경상북도,0.243,0.0,재정자립도,KOSIS
2025,38,경상남도,0.392,0.0,재정자립도,KOSIS
2025,38,경상남도,0.34299999999999997,0.0,재정자립도,KOSIS
2025,39,제주특별자치도,0.395,0.0,재정자립도,KOSIS
2025,39,제주특별자치도,0.331,0.0,재정자립도,KOSIS
2025,00,전국,0.0,0.703,재정자주도,KOSIS
2025,00,전국,0.0,0.649,재정자주도,KOSIS
2025,11,서울특별시,0.0,0.802,재정자주도,KOSIS
2025,11,서울특별시,0.0,0.747,재정자주도,KOSIS
2025,21,부산광역시,0.0,0.614,재정자주도,KOSIS
2025,21,부산광역시,0.0,0.555,재정자주도,KOSIS
2025,22,대구광역시,0.0,0.648,재정자주도,KOSIS
2025,22,대구광역시,0.0,0.6,재정자주도,KOSIS
2025,23,인천광역시,0.0,0.6679999999999999,재정자주도,KOSIS
2025,23,인천광역시,0.0,0.603,재정자주도,KOSIS
2025,24,광주광역시,0.0,0.605,재정자주도,KOSIS
2025,24,광주광역시,0.0,0.583,재정자주도,KOSIS
2025,25,대전광역시,0.0,0.638,재정자주도,KOSIS
2025,25,대전광역시,0.0,0.598,재정자주도,KOSIS
2025,26,울산광역시,0.0,0.73,재정자주도,KOSIS
2025,26,울산광역시,0.0,0.662,재정자주도,KOSIS
2025,29,세종특별자치시,0.0,0.7070000000000001,재정자주도,KOSIS
2025,29,세종특별자치시,0.0,0.623,재정자주도,KOSIS
2025,31,경기도,0.0,0.703,재정자주도,KOSIS
2025,31,경기도,0.0,0.632,재정자주도,KOSIS
2025,32,강원도,0.0,0.7390000000000001,재정자주도,KOSIS
2025,32,강원도,0.0,0.706,재정자주도,KOSIS
2025,33,충청북도,0.0,0.696,재정자주도,KOSIS
2025,33,충청북도,0.0,0.6459999999999999,재정자주도,KOSIS
2025,34,충청남도,0.0,0.6829999999999999,재정자주도,KOSIS
2025,34,충청남도,0.0,0.637,재정자주도,KOSIS
2025,35,전라북도,0.0,0.653,재정자주도,KOSIS
2025,35,전라북도,0.0,0.619,재정자주도,KOSIS
2025,36,전라남도,0.0,0.6829999999999999,재정자주도,KOSIS
2025,36,전라남도,0.0,0.648,재정자주도,KOSIS
2025,37,경상북도,0.0,0.723,재정자주도,KOSIS
2025,37,경상북도,0.0,0.6559999999999999,재정자주도,KOSIS
2025,38,경상남도,0.0,0.7070000000000001,재정자주도,KOSIS
2025,38,경상남도,0.0,0.6579999999999999,재정자주도,KOSIS
2025,39,제주특별자치도,0.0,0.708,재정자주도,KOSIS
2025,39,제주특별자치도,0.0,0.644,재정자주도,KOSIS
